no_of_stu,50
expected_round,2500000
no_of_loop,20
1,98.3118
2,98.84896
3,97.34592
4,97.54128
5,96.00444
6,96.9086
7,97.16576
8,97.38164
9,97.03212
10,96.86612
11,98.04524
12,97.74076
13,96.67368
14,95.979
15,97.58916
16,97.13264
17,97.05916
18,98.27444
19,97.81148
20,97.79192

The Avg value,97.375206
Theory Value,97.0373579577988
%Error,0.348162861511603
